{"cameraMode":{"drawMode":0,"name":"Shaded","section":"Shading Mode"},"sceneLighting":true,"audioPlay":false,"sceneViewState":{"showFog":true,"showMaterialUpdate":false,"showSkybox":true,"showFlares":true,"showImageEffects":true,"showParticleSystems":true},"in2DMode":false,"pivot":{"x":7.253206253051758,"y":-5.369773864746094,"z":4.603328704833984},"rotation":{"x":0.15254996716976167,"y":0.7506158947944641,"z":-0.615369439125061,"w":0.1860775202512741},"size":17.61451530456543,"orthographic":false}